Label,Rules,Quality,Score
0,IF Feature_A>=3000.0 THEN Outcome=B ,0.999666888741,0.49750000000000005
0,IF Feature_A>=3000 THEN Outcome==B,0.9996668887408394,0.49750000000000005
0,IF Feature_A_noConstant_Feature>=3000 THEN Outcome==B,0.9996668887408394,0.0
1,IF TRUE THEN Outcome=A ,0.999666888741,0.0
